{"cameraMode":{"drawMode":0,"name":"Shaded","section":"Shading Mode"},"sceneLighting":false,"audioPlay":false,"sceneViewState":{"m_AlwaysRefresh":false,"showFog":true,"showSkybox":false,"showFlares":true,"showImageEffects":true,"showParticleSystems":true,"showVisualEffectGraphs":true,"m_FxEnabled":true},"in2DMode":false,"pivot":{"x":81.90786743164063,"y":-10.56643295288086,"z":111.52576446533203},"rotation":{"x":-0.013449299149215222,"y":0.5749399065971375,"z":0.009564399719238282,"w":0.8181668519973755},"size":0.8660253882408142,"orthographic":false}