{"cameraMode":{"drawMode":0,"name":"Shaded","section":"Shading Mode"},"sceneLighting":false,"audioPlay":false,"sceneViewState":{"m_AlwaysRefresh":false,"showFog":true,"showSkybox":false,"showFlares":true,"showImageEffects":true,"showParticleSystems":true,"showVisualEffectGraphs":true,"m_FxEnabled":true},"in2DMode":false,"pivot":{"x":33.850711822509769,"y":32.6254997253418,"z":52.972957611083987},"rotation":{"x":-0.00020097331434953958,"y":0.9641678929328919,"z":-0.26528316736221316,"w":-0.0007727397605776787},"size":0.8660253882408142,"orthographic":false}