{"cameraMode":{"drawMode":0,"name":"Shaded","section":"Shading Mode"},"sceneLighting":false,"audioPlay":false,"sceneViewState":{"m_AlwaysRefresh":false,"showFog":true,"showSkybox":false,"showFlares":true,"showImageEffects":true,"showParticleSystems":true,"showVisualEffectGraphs":true,"m_FxEnabled":true},"in2DMode":false,"pivot":{"x":28.739999771118165,"y":2.8399999141693117,"z":17.6200008392334},"rotation":{"x":0.010051419958472252,"y":-0.9605560898780823,"z":0.03612300753593445,"w":0.27605926990509035},"size":0.8660253882408142,"orthographic":false}