{"cameraMode":{"drawMode":0,"name":"Shaded","section":"Shading Mode"},"sceneLighting":true,"audioPlay":false,"sceneViewState":{"m_AlwaysRefresh":false,"showFog":true,"showSkybox":false,"showFlares":true,"showImageEffects":true,"showParticleSystems":true,"showVisualEffectGraphs":true,"m_FxEnabled":true},"in2DMode":false,"pivot":{"x":39.937774658203128,"y":1.0699994564056397,"z":24.840654373168947},"rotation":{"x":-0.030039306730031968,"y":0.9681074023246765,"z":-0.14185184240341187,"w":-0.20470859110355378},"size":2.844013214111328,"orthographic":false}