{"cameraMode":{"drawMode":0,"name":"Shaded","section":"Shading Mode"},"sceneLighting":false,"audioPlay":false,"sceneViewState":{"m_AlwaysRefresh":false,"showFog":true,"showSkybox":false,"showFlares":true,"showImageEffects":true,"showParticleSystems":true,"showVisualEffectGraphs":true,"m_FxEnabled":true},"in2DMode":false,"pivot":{"x":33.94672775268555,"y":1.586076259613037,"z":67.44502258300781},"rotation":{"x":0.12117648869752884,"y":0.018403073772788049,"z":-0.0022498085163533689,"w":0.9924564957618713},"size":52.21955108642578,"orthographic":false}