{"cameraMode":{"drawMode":0,"name":"Shaded","section":"Shading Mode"},"sceneLighting":false,"audioPlay":false,"sceneViewState":{"m_AlwaysRefresh":false,"showFog":true,"showSkybox":false,"showFlares":true,"showImageEffects":true,"showParticleSystems":true,"showVisualEffectGraphs":true,"m_FxEnabled":true},"in2DMode":false,"pivot":{"x":31.33003807067871,"y":0.37389785051345827,"z":20.456655502319337},"rotation":{"x":0.035119686275720599,"y":-0.9612800478935242,"z":0.14616641402244569,"w":0.2309625893831253},"size":1.5620105266571046,"orthographic":false}